queue_length,avg_service_time,hour_of_day,day_of_week,staff_count,branch_id,actual_wait_minutes
11,11.3,20,0,2,gulberg,78.57
16,9.4,20,0,4,johar_town,53.74
11,11.5,21,0,3,johar_town,56.06
5,6.8,21,0,2,gulberg,21.05
7,10.9,22,0,3,johar_town,34.95
14,7.5,22,0,2,johar_town,72.3
7,6.9,23,0,3,dha,13.83
5,10.9,23,0,3,gulberg,20.2
10,8.2,10,0,3,johar_town,24.0
6,10.4,10,0,3,gulberg,23.78
9,10.3,11,0,3,gulberg,27.91
5,7.8,11,0,3,dha,11.43
9,6.1,12,0,3,gulberg,23.71
12,11.2,12,0,3,gulberg,55.19
13,7.3,13,0,3,gulberg,35.44
7,6.7,13,0,2,dha,28.96
10,7.5,14,0,4,gulberg,26.67
6,8.8,14,0,2,gulberg,38.01
4,9.3,15,0,2,dha,17.49
4,11.4,15,0,3,gulberg,15.1
6,10.2,16,0,2,dha,30.22
7,6.6,16,0,2,johar_town,22.28
4,11.1,17,0,2,gulberg,20.33
3,11.2,17,0,3,johar_town,11.86
9,9.2,18,0,3,johar_town,26.74
7,8.5,18,0,3,gulberg,22.09
9,10.4,19,0,4,gulberg,30.11
15,5.9,19,0,2,dha,64.17
5,11.5,10,1,3,johar_town,18.59
2,8.9,10,1,3,dha,6.79
9,6.6,11,1,2,gulberg,25.85
5,6.8,11,1,2,gulberg,18.58
14,11.5,12,1,2,gulberg,110.3
15,8.1,12,1,4,dha,35.72
16,11.6,13,1,4,gulberg,57.97
14,7.8,13,1,4,johar_town,31.65
18,6.1,14,1,2,johar_town,73.27
12,5.0,14,1,3,gulberg,22.49
9,9.8,15,1,2,johar_town,43.94
8,6.2,15,1,2,dha,21.45
8,11.9,16,1,3,gulberg,29.03
2,6.7,16,1,3,dha,4.63
10,11.4,17,1,2,gulberg,62.59
1,5.0,17,1,2,johar_town,2.42
8,10.7,18,1,3,dha,32.62
1,11.0,18,1,2,gulberg,5.86
13,9.6,19,1,3,gulberg,46.63
13,9.0,19,1,4,gulberg,39.8
17,10.8,20,1,2,johar_town,114.2
11,11.5,20,1,3,dha,50.36
5,10.3,21,1,4,gulberg,17.06
8,11.7,21,1,2,gulberg,63.03
17,8.7,22,1,2,johar_town,93.42
12,5.0,22,1,2,dha,43.55
2,6.8,23,1,3,dha,4.27
7,5.6,23,1,2,johar_town,19.36
8,9.2,10,1,2,johar_town,39.32
3,11.0,10,1,2,gulberg,18.68
10,5.2,11,1,2,dha,28.01
10,10.6,11,1,2,dha,45.32
5,9.1,12,1,4,gulberg,12.71
16,10.2,12,1,3,dha,60.67
8,8.4,13,1,2,gulberg,43.32
18,11.0,13,1,2,johar_town,120.0
7,6.8,14,1,4,johar_town,14.97
13,5.7,14,1,2,gulberg,52.16
2,8.0,15,1,3,dha,4.64
6,7.5,15,1,2,gulberg,24.1
1,5.2,16,1,2,gulberg,2.3
2,7.0,16,1,3,johar_town,4.62
5,11.7,17,1,3,johar_town,22.1
1,8.2,17,1,3,gulberg,2.43
2,8.7,18,1,2,johar_town,7.94
9,9.6,18,1,3,gulberg,26.62
17,6.2,19,1,3,dha,46.02
14,9.5,19,1,3,gulberg,58.57
2,8.7,10,2,2,dha,9.31
7,10.5,10,2,2,dha,33.91
4,10.4,11,2,2,dha,20.24
3,7.0,11,2,2,dha,9.15
18,11.5,12,2,3,dha,83.54
13,7.8,12,2,2,gulberg,59.83
12,10.0,13,2,2,johar_town,67.24
6,7.7,13,2,3,johar_town,22.51
18,9.5,14,2,4,johar_town,50.87
7,9.3,14,2,2,johar_town,38.31
2,11.5,15,2,2,dha,12.93
7,9.0,15,2,2,johar_town,32.86
9,9.1,16,2,3,johar_town,26.32
7,9.7,16,2,2,johar_town,30.42
3,10.6,17,2,2,johar_town,16.45
10,10.9,17,2,3,johar_town,41.38
7,8.8,18,2,2,dha,26.43
9,11.9,18,2,3,dha,36.89
12,5.8,19,2,4,johar_town,25.56
9,11.7,19,2,3,johar_town,40.77
11,10.9,20,2,4,johar_town,34.93
8,10.9,20,2,2,gulberg,58.24
13,11.6,21,2,3,dha,60.67
9,7.4,21,2,3,dha,25.34
14,5.4,22,2,2,gulberg,42.72
16,6.5,22,2,2,dha,75.48
3,10.6,23,2,3,johar_town,12.03
9,11.4,23,2,3,gulberg,35.5
4,5.1,10,2,3,johar_town,7.46
9,6.1,10,2,2,dha,29.2
6,9.4,11,2,3,dha,20.77
3,6.2,11,2,3,gulberg,5.72
8,11.6,12,2,2,dha,53.81
18,9.7,12,2,3,gulberg,77.38
5,10.8,13,2,3,johar_town,25.04
11,10.0,13,2,3,johar_town,40.69
8,5.8,14,2,4,dha,15.28
7,5.7,14,2,2,dha,22.26
7,11.1,15,2,3,johar_town,28.63
4,7.5,15,2,3,gulberg,10.19
3,11.2,16,2,3,johar_town,11.42
8,9.2,16,2,2,dha,39.49
7,10.6,17,2,3,johar_town,25.88
10,11.6,17,2,3,johar_town,37.05
7,8.5,18,2,2,johar_town,27.42
1,7.9,18,2,3,johar_town,2.53
8,7.6,19,2,4,dha,20.52
11,11.3,19,2,2,gulberg,68.85
5,11.4,10,3,3,dha,17.97
9,6.3,10,3,3,johar_town,19.82
10,10.0,11,3,3,gulberg,32.59
10,7.2,11,3,3,johar_town,22.17
5,5.9,12,3,4,gulberg,9.98
12,9.4,12,3,4,dha,40.93
5,6.3,13,3,3,gulberg,15.55
8,11.0,13,3,3,gulberg,38.66
17,9.7,14,3,4,gulberg,55.56
9,10.4,14,3,4,johar_town,26.32
5,9.4,15,3,3,johar_town,15.26
2,10.4,15,3,2,johar_town,9.46
10,7.8,16,3,3,dha,25.52
1,10.8,16,3,2,dha,6.02
8,8.8,17,3,2,johar_town,31.48
10,5.8,17,3,3,johar_town,21.78
5,7.5,18,3,2,dha,20.77
7,6.9,18,3,3,dha,14.76
18,9.8,19,3,3,gulberg,69.29
10,7.4,19,3,4,gulberg,24.83
7,7.3,20,3,2,gulberg,37.07
11,9.8,20,3,3,johar_town,40.42
12,6.6,21,3,4,dha,24.09
17,5.4,21,3,3,dha,39.61
11,6.7,22,3,3,dha,29.18
5,9.8,22,3,2,dha,31.55
9,6.2,23,3,3,johar_town,16.71
6,11.3,23,3,2,gulberg,30.94
8,9.0,10,3,2,gulberg,39.03
8,7.9,10,3,2,gulberg,28.86
8,8.3,11,3,2,dha,29.48
7,8.1,11,3,3,gulberg,19.32
7,10.3,12,3,4,johar_town,22.11
15,9.0,12,3,2,gulberg,85.13
8,10.1,13,3,3,gulberg,39.32
9,11.7,13,3,3,dha,39.3
16,8.6,14,3,4,dha,40.77
15,9.8,14,3,4,dha,46.45
7,7.2,15,3,2,johar_town,27.07
6,9.6,15,3,2,dha,31.5
4,7.3,16,3,3,johar_town,8.44
5,6.8,16,3,2,johar_town,15.04
8,9.4,17,3,2,gulberg,35.0
10,7.7,17,3,2,johar_town,40.01
9,9.9,18,3,3,dha,25.76
8,9.3,18,3,2,dha,34.96
12,10.7,19,3,2,johar_town,81.67
6,9.3,19,3,2,johar_town,37.78
5,5.5,10,4,3,johar_town,8.44
5,5.9,10,4,5,gulberg,6.68
2,6.7,11,4,4,johar_town,3.74
8,10.8,11,4,3,dha,29.09
25,6.9,12,4,4,dha,52.88
14,6.4,12,4,5,gulberg,24.69
13,6.5,13,4,5,dha,20.91
15,8.9,13,4,4,johar_town,38.02
25,11.2,14,4,4,gulberg,79.32
18,12.0,14,4,5,dha,57.94
10,6.2,15,4,3,johar_town,20.87
6,6.1,15,4,5,gulberg,7.48
4,5.4,16,4,4,dha,5.51
4,7.8,16,4,4,johar_town,7.01
3,11.7,17,4,5,johar_town,7.92
8,8.5,17,4,3,dha,19.89
3,11.5,18,4,3,dha,12.43
5,9.7,18,4,4,johar_town,13.89
12,6.5,19,4,5,johar_town,21.35
21,5.5,19,4,3,johar_town,45.07
16,5.7,20,4,5,dha,20.51
23,5.7,20,4,4,johar_town,47.76
23,11.6,21,4,3,johar_town,120.0
15,8.5,21,4,4,dha,46.64
9,11.5,22,4,4,johar_town,28.95
13,11.2,22,4,3,johar_town,62.85
10,7.3,23,4,4,johar_town,16.04
10,5.9,23,4,5,gulberg,10.98
1,6.2,10,4,4,dha,2.0
9,6.7,10,4,3,dha,20.75
10,10.6,11,4,5,johar_town,22.13
5,11.4,11,4,5,gulberg,9.86
13,9.0,12,4,3,johar_town,56.79
10,6.3,12,4,5,johar_town,15.88
16,7.5,13,4,4,gulberg,41.5
24,7.2,13,4,4,gulberg,56.84
15,6.7,14,4,3,dha,40.87
11,9.3,14,4,3,dha,49.74
4,5.7,15,4,3,dha,8.27
6,6.9,15,4,5,gulberg,8.5
10,9.6,16,4,5,gulberg,18.66
10,8.0,16,4,4,gulberg,20.6
5,6.2,17,4,3,gulberg,9.49
9,9.3,17,4,4,dha,21.1
7,8.1,18,4,4,johar_town,16.0
3,7.9,18,4,5,johar_town,4.71
12,6.0,19,4,5,gulberg,18.09
14,5.7,19,4,5,gulberg,19.01
9,6.8,10,5,3,dha,21.26
1,8.5,10,5,3,dha,3.09
2,11.4,11,5,3,dha,8.74
5,11.1,11,5,3,dha,19.96
22,8.7,12,5,3,johar_town,83.23
18,11.9,12,5,3,dha,90.49
22,8.1,13,5,3,gulberg,79.33
17,5.6,13,5,5,dha,22.63
23,6.6,14,5,3,johar_town,67.68
21,10.4,14,5,3,gulberg,84.11
1,9.0,15,5,5,johar_town,2.0
10,10.3,15,5,5,gulberg,18.25
8,10.5,16,5,4,johar_town,21.91
5,8.9,16,5,4,dha,9.86
2,8.0,17,5,3,dha,4.74
1,5.4,17,5,3,dha,2.0
10,9.3,18,5,5,dha,18.83
2,9.3,18,5,3,johar_town,6.12
9,7.9,19,5,4,dha,21.48
9,11.4,19,5,4,gulberg,34.25
23,8.3,20,5,5,johar_town,46.65
18,10.0,20,5,5,gulberg,47.22
14,7.6,21,5,3,johar_town,46.24
23,12.0,21,5,5,johar_town,72.36
17,11.7,22,5,5,johar_town,46.49
9,8.0,22,5,5,gulberg,18.6
9,7.9,23,5,5,gulberg,14.56
3,8.5,23,5,5,gulberg,5.68
3,7.9,10,5,4,dha,5.07
6,7.5,10,5,4,gulberg,12.29
1,5.6,11,5,4,dha,2.0
8,7.6,11,5,4,dha,14.16
19,7.0,12,5,4,gulberg,43.97
9,6.9,12,5,5,johar_town,16.5
12,7.4,13,5,4,gulberg,29.07
19,8.1,13,5,4,gulberg,47.27
18,8.2,14,5,5,johar_town,39.41
13,9.2,14,5,4,johar_town,42.74
9,7.1,15,5,5,dha,11.66
2,11.9,15,5,5,gulberg,4.95
9,7.3,16,5,4,dha,17.69
10,5.2,16,5,5,gulberg,11.6
4,9.9,17,5,4,gulberg,10.57
2,6.3,17,5,3,dha,3.94
6,6.0,18,5,4,dha,7.68
7,6.0,18,5,5,gulberg,9.59
24,8.2,19,5,4,dha,63.02
15,8.3,19,5,5,dha,28.22
6,11.7,10,6,3,johar_town,23.01
3,10.3,10,6,3,johar_town,11.62
9,7.2,11,6,4,johar_town,17.46
1,7.3,11,6,5,gulberg,2.0
12,9.0,12,6,4,johar_town,33.83
17,8.7,12,6,5,dha,35.0
14,9.5,13,6,4,johar_town,41.64
12,11.2,13,6,4,johar_town,38.78
17,5.4,14,6,3,johar_town,35.31
17,6.5,14,6,4,gulberg,31.01
3,5.4,15,6,4,johar_town,3.57
2,12.0,15,6,3,gulberg,7.57
7,8.9,16,6,4,gulberg,16.61
7,5.4,16,6,5,gulberg,7.94
1,7.4,17,6,3,dha,2.71
8,8.0,17,6,5,johar_town,11.12
9,8.1,18,6,3,gulberg,21.86
2,7.3,18,6,3,gulberg,4.83
13,7.4,19,6,4,gulberg,35.0
16,6.2,19,6,3,gulberg,41.7
19,10.1,20,6,3,johar_town,76.99
14,8.6,20,6,5,johar_town,34.9
9,6.9,21,6,5,gulberg,13.78
22,9.5,21,6,3,johar_town,89.82
22,12.0,22,6,4,dha,77.85
22,6.6,22,6,5,johar_town,32.41
8,11.7,23,6,3,johar_town,28.14
10,7.5,23,6,3,dha,23.29
6,11.4,10,6,5,johar_town,11.84
1,11.9,10,6,5,johar_town,2.46
1,5.1,11,6,3,gulberg,2.0
10,5.9,11,6,3,dha,18.61
23,8.5,12,6,5,johar_town,50.49
25,6.0,12,6,5,dha,44.62
18,6.2,13,6,4,dha,36.09
22,7.7,13,6,5,gulberg,47.18
23,5.3,14,6,5,gulberg,30.39
24,6.8,14,6,3,dha,77.93
8,11.0,15,6,4,dha,23.84
4,10.2,15,6,4,gulberg,9.78
8,8.4,16,6,4,dha,14.77
5,9.5,16,6,4,johar_town,10.29
5,9.5,17,6,4,dha,10.82
5,10.4,17,6,4,dha,11.69
2,6.1,18,6,4,dha,2.87
1,7.9,18,6,4,johar_town,2.0
18,6.5,19,6,3,johar_town,53.15
13,11.4,19,6,4,dha,41.74
3,10.6,10,0,2,gulberg,14.65
3,6.0,10,0,2,dha,8.49
2,11.3,11,0,3,dha,6.88
9,7.1,11,0,2,johar_town,32.16
13,9.0,12,0,3,gulberg,50.5
11,5.1,12,0,3,gulberg,22.81
15,5.3,13,0,2,johar_town,56.56
8,5.6,13,0,3,johar_town,17.14
12,5.2,14,0,2,dha,37.33
11,5.5,14,0,4,gulberg,21.72
1,9.1,15,0,2,johar_town,3.87
7,5.9,15,0,3,johar_town,14.84
5,10.5,16,0,2,gulberg,28.15
9,11.7,16,0,2,dha,57.05
1,5.7,17,0,2,gulberg,2.58
7,10.6,17,0,2,dha,33.29
2,11.4,18,0,2,johar_town,11.81
4,5.0,18,0,3,johar_town,6.18
8,8.0,19,0,3,johar_town,30.62
11,8.7,19,0,2,dha,68.89
9,8.1,20,0,3,dha,33.48
5,8.1,20,0,2,johar_town,28.75
9,11.8,21,0,2,johar_town,68.71
18,8.5,21,0,2,gulberg,94.2
5,5.2,22,0,2,johar_town,14.75
17,5.3,22,0,2,johar_town,54.38
6,11.9,23,0,3,gulberg,25.91
2,9.2,23,0,2,dha,9.22
2,6.6,10,0,2,johar_town,6.44
4,9.9,10,0,2,johar_town,19.89
3,5.7,11,0,2,gulberg,9.12
1,6.0,11,0,3,johar_town,2.0
15,5.9,12,0,4,gulberg,31.25
5,7.7,12,0,2,dha,22.82
16,10.7,13,0,3,dha,81.79
7,7.8,13,0,4,gulberg,15.76
18,11.9,14,0,2,dha,118.93
16,8.0,14,0,4,dha,44.73
2,8.8,15,0,3,dha,5.06
7,10.5,15,0,2,gulberg,41.15
3,6.8,16,0,2,dha,10.65
6,9.9,16,0,3,johar_town,18.66
5,11.2,17,0,2,gulberg,27.03
5,10.6,17,0,3,dha,20.12
7,9.0,18,0,2,gulberg,34.88
4,11.7,18,0,2,johar_town,24.17
7,5.3,19,0,4,gulberg,11.19
12,7.1,19,0,2,gulberg,47.88
9,8.1,10,1,2,dha,37.42
10,9.5,10,1,3,dha,34.34
1,8.9,11,1,3,gulberg,2.93
5,10.5,11,1,2,gulberg,26.99
16,7.9,12,1,4,johar_town,35.07
15,11.1,12,1,3,johar_town,75.41
7,6.9,13,1,3,dha,23.97
10,8.2,13,1,2,gulberg,48.07
7,7.6,14,1,4,gulberg,16.55
10,7.9,14,1,2,johar_town,49.84
9,5.1,15,1,2,gulberg,22.76
1,5.6,15,1,3,johar_town,2.0
8,12.0,16,1,3,johar_town,30.32
6,8.0,16,1,3,johar_town,13.8
1,8.7,17,1,2,johar_town,4.08
2,7.4,17,1,3,dha,4.39
5,11.4,18,1,3,johar_town,16.9
9,11.4,18,1,3,dha,31.5
14,10.1,19,1,2,dha,87.84
14,8.2,19,1,3,johar_town,50.47
6,5.3,20,1,4,johar_town,11.77
9,9.6,20,1,3,gulberg,33.13
12,10.2,21,1,2,gulberg,88.38
9,8.0,21,1,2,gulberg,50.03
17,8.1,22,1,2,dha,94.51
15,11.4,22,1,4,dha,53.77
8,10.2,23,1,2,gulberg,34.73
8,9.2,23,1,2,dha,34.92
8,10.0,10,1,2,johar_town,43.09
10,8.6,10,1,3,dha,26.3
1,10.2,11,1,3,dha,3.64
7,5.3,11,1,3,gulberg,13.14
7,6.3,12,1,2,gulberg,29.52
18,6.6,12,1,3,dha,55.29
14,7.7,13,1,3,gulberg,43.22
7,5.3,13,1,4,johar_town,13.86
12,7.3,14,1,2,dha,52.15
12,10.6,14,1,2,gulberg,94.88
5,5.5,15,1,3,gulberg,10.22
10,10.9,15,1,3,johar_town,39.12
7,9.6,16,1,2,johar_town,38.15
5,11.8,16,1,3,johar_town,21.03
4,7.7,17,1,3,dha,11.04
7,6.4,17,1,3,dha,12.73
2,7.5,18,1,3,gulberg,4.86
1,11.2,18,1,2,gulberg,5.09
9,5.6,19,1,3,gulberg,22.02
13,10.4,19,1,3,dha,63.32
2,7.1,10,2,3,gulberg,4.95
2,11.8,10,2,2,dha,11.43
2,10.2,11,2,2,gulberg,10.88
3,7.7,11,2,3,gulberg,6.7
17,6.2,12,2,2,johar_town,73.67
18,7.1,12,2,4,johar_town,44.55
14,9.7,13,2,4,dha,44.62
7,9.2,13,2,3,johar_town,31.94
12,7.4,14,2,3,dha,38.47
11,10.4,14,2,2,dha,81.88
7,5.7,15,2,3,johar_town,14.54
10,11.0,15,2,3,johar_town,38.89
10,9.0,16,2,3,johar_town,33.08
7,7.6,16,2,2,dha,29.65
9,8.1,17,2,3,johar_town,27.64
10,5.7,17,2,2,johar_town,32.45
6,6.6,18,2,2,johar_town,22.51
10,5.0,18,2,2,gulberg,26.32
12,5.6,19,2,3,gulberg,29.26
11,9.9,19,2,2,gulberg,74.84
6,5.4,20,2,4,johar_town,9.64
6,11.6,20,2,4,gulberg,21.58
15,6.2,21,2,3,dha,37.04
12,10.7,21,2,2,gulberg,86.21
18,7.5,22,2,2,dha,96.5
6,5.7,22,2,2,gulberg,22.52
7,10.6,23,2,2,dha,38.4
3,11.0,23,2,3,gulberg,11.46
2,7.5,10,2,2,johar_town,8.56
2,9.9,10,2,3,gulberg,6.4
6,5.4,11,2,2,johar_town,16.43
6,5.2,11,2,2,johar_town,15.83
5,5.2,12,2,2,dha,14.7
8,8.5,12,2,3,gulberg,28.54
6,5.6,13,2,3,johar_town,15.02
17,10.8,13,2,2,dha,120.0
13,6.9,14,2,2,johar_town,66.47
9,8.4,14,2,2,dha,46.52
3,11.1,15,2,3,dha,12.39
5,11.3,15,2,2,gulberg,25.9
1,11.2,16,2,2,johar_town,5.29
7,6.0,16,2,3,gulberg,13.85
8,7.3,17,2,3,gulberg,16.6
4,10.1,17,2,3,gulberg,13.73
10,9.5,18,2,3,dha,32.81
6,8.4,18,2,3,gulberg,16.39
6,7.0,19,2,3,johar_town,15.78
10,10.0,19,2,4,dha,32.93
7,11.3,10,3,2,johar_town,42.13
4,6.5,10,3,3,johar_town,7.38
8,6.3,11,3,2,gulberg,26.14
10,8.9,11,3,3,dha,32.81
12,8.2,12,3,2,gulberg,57.56
13,9.2,12,3,3,gulberg,51.33
15,6.7,13,3,2,gulberg,63.77
8,8.7,13,3,3,gulberg,28.9
10,8.4,14,3,2,johar_town,52.01
10,9.1,14,3,4,gulberg,31.78
4,7.0,15,3,2,johar_town,12.48
10,8.0,15,3,3,johar_town,23.12
3,10.1,16,3,3,gulberg,10.99
6,7.1,16,3,2,dha,19.85
9,11.7,17,3,3,johar_town,38.41
4,9.5,17,3,2,johar_town,17.85
2,7.2,18,3,3,johar_town,4.92
9,7.1,18,3,2,gulberg,32.86
14,9.6,19,3,3,dha,65.5
11,10.8,19,3,3,dha,44.18
18,9.5,20,3,3,dha,66.13
17,8.2,20,3,2,gulberg,96.12
7,5.6,21,3,4,gulberg,10.89
11,7.3,21,3,2,gulberg,57.71
8,7.1,22,3,4,dha,19.85
6,12.0,22,3,4,dha,25.81
5,10.0,23,3,2,johar_town,25.8
1,11.2,23,3,3,dha,3.77
7,10.8,10,3,3,dha,22.51
8,5.8,10,3,2,johar_town,20.04
7,6.3,11,3,3,johar_town,16.35
4,5.1,11,3,3,dha,6.47
5,8.1,12,3,4,johar_town,13.85
8,5.6,12,3,4,gulberg,13.32
10,9.6,13,3,2,dha,67.59
7,6.9,13,3,3,johar_town,18.03
11,8.8,14,3,3,johar_town,43.96
12,7.3,14,3,3,dha,32.3
4,11.6,15,3,2,gulberg,20.97
7,9.2,15,3,2,dha,31.57
2,5.4,16,3,3,johar_town,3.09
1,10.0,16,3,2,dha,5.31
4,5.4,17,3,2,johar_town,10.03
3,9.6,17,3,2,gulberg,13.03
7,6.7,18,3,2,dha,24.34
4,7.2,18,3,2,gulberg,13.51
15,10.6,19,3,2,johar_town,103.47
13,5.7,19,3,4,gulberg,23.33
1,6.4,10,4,4,dha,2.0
4,8.7,10,4,3,dha,13.14
10,6.5,11,4,4,johar_town,14.62
1,9.3,11,4,3,johar_town,3.31
17,7.4,12,4,5,gulberg,34.26
9,5.5,12,4,5,johar_town,14.64
17,9.0,13,4,4,johar_town,55.78
13,11.7,13,4,4,dha,45.06
19,7.9,14,4,3,gulberg,71.54
23,5.1,14,4,4,johar_town,34.4
2,11.4,15,4,4,dha,5.64
6,8.0,15,4,5,johar_town,9.82
7,7.6,16,4,5,johar_town,9.55
5,10.2,16,4,3,dha,19.48
7,8.7,17,4,5,gulberg,11.0
9,7.0,17,4,5,gulberg,13.79
1,10.4,18,4,5,dha,2.0
3,9.5,18,4,5,johar_town,5.0
15,7.5,19,4,5,gulberg,27.06
10,6.2,19,4,5,gulberg,14.3
24,8.3,20,4,4,gulberg,62.16
10,6.6,20,4,3,gulberg,27.64
23,5.8,21,4,3,johar_town,63.37
23,9.5,21,4,3,dha,101.82
21,7.3,22,4,4,dha,44.63
12,9.2,22,4,4,johar_town,31.28
2,10.9,23,4,5,johar_town,4.86
7,7.5,23,4,3,dha,19.94
4,10.6,10,4,5,johar_town,9.4
7,11.9,10,4,4,dha,20.0
1,5.3,11,4,3,dha,2.0
3,5.3,11,4,3,dha,4.79
20,8.6,12,4,5,johar_town,44.14
24,8.9,12,4,4,dha,61.31
13,10.6,13,4,3,johar_town,56.68
16,10.4,13,4,3,gulberg,66.97
23,6.5,14,4,5,gulberg,34.32
21,9.2,14,4,4,gulberg,58.87
7,6.2,15,4,5,johar_town,9.59
1,9.6,15,4,5,johar_town,2.0
4,10.5,16,4,5,dha,8.54
4,11.3,16,4,4,gulberg,12.62
10,7.2,17,4,3,gulberg,24.94
2,11.5,17,4,5,johar_town,4.81
9,6.2,18,4,3,dha,16.82
5,5.3,18,4,5,johar_town,6.01
23,7.4,19,4,4,gulberg,63.43
10,5.2,19,4,5,johar_town,13.93
8,7.4,10,5,3,dha,19.11
7,9.1,10,5,5,johar_town,12.37
1,12.0,11,5,4,johar_town,3.25
4,5.3,11,5,3,dha,8.03
13,10.2,12,5,5,johar_town,34.98
21,8.5,12,5,4,gulberg,52.65
9,5.7,13,5,5,gulberg,13.78
8,11.7,13,5,5,gulberg,23.19
18,6.3,14,5,3,johar_town,46.42
23,8.7,14,5,4,gulberg,66.19
9,8.0,15,5,4,johar_town,16.94
10,8.5,15,5,4,gulberg,21.13
7,9.1,16,5,3,dha,18.27
3,9.1,16,5,3,gulberg,8.07
4,5.3,17,5,3,gulberg,6.42
8,11.6,17,5,4,johar_town,26.46
10,7.7,18,5,3,gulberg,27.0
1,10.3,18,5,3,johar_town,3.4
10,11.7,19,5,3,gulberg,56.15
14,9.8,19,5,5,gulberg,40.76
18,9.8,20,5,5,johar_town,47.59
12,5.4,20,5,5,johar_town,15.68
9,9.2,21,5,3,gulberg,33.01
17,11.3,21,5,4,johar_town,54.23
15,11.8,22,5,4,dha,53.83
22,9.7,22,5,3,johar_town,93.09
6,6.9,23,5,5,dha,8.22
4,6.1,23,5,3,dha,8.61
3,11.4,10,5,5,gulberg,6.35
9,5.9,10,5,5,johar_town,10.22
10,5.6,11,5,3,gulberg,18.44
8,10.3,11,5,3,gulberg,28.45
12,11.2,12,5,3,johar_town,51.36
13,11.2,12,5,5,johar_town,35.39
17,5.8,13,5,3,dha,40.22
9,11.4,13,5,3,gulberg,40.25
15,7.9,14,5,4,gulberg,34.74
16,5.2,14,5,3,dha,32.38
10,10.7,15,5,5,gulberg,21.83
2,7.6,15,5,3,johar_town,4.39
3,12.0,16,5,4,gulberg,8.53
5,5.2,16,5,4,johar_town,5.76
10,9.0,17,5,4,johar_town,19.55
2,6.7,17,5,5,gulberg,2.93
1,7.7,18,5,3,johar_town,2.21
3,6.3,18,5,5,gulberg,3.55
24,9.3,19,5,3,gulberg,88.74
18,11.9,19,5,5,dha,50.46
6,12.0,10,6,5,gulberg,13.38
8,6.7,10,6,3,dha,17.82
3,7.8,11,6,3,gulberg,8.76
5,8.2,11,6,5,johar_town,8.97
19,6.4,12,6,5,johar_town,36.19
8,10.7,12,6,4,dha,26.77
13,10.4,13,6,3,johar_town,50.75
25,10.8,13,6,5,johar_town,72.94
9,8.4,14,6,5,gulberg,20.19
21,6.9,14,6,4,dha,45.26
10,6.1,15,6,5,johar_town,12.12
3,8.0,15,6,5,johar_town,4.53
4,6.3,16,6,4,dha,6.75
4,11.6,16,6,4,dha,11.92
3,8.7,17,6,4,gulberg,6.9
5,11.1,17,6,4,johar_town,13.7
8,7.3,18,6,3,gulberg,18.86
9,10.2,18,6,4,johar_town,19.69
24,9.4,19,6,3,dha,99.08
9,9.7,19,6,3,dha,37.94
15,8.3,20,6,5,johar_town,33.64
23,6.6,20,6,4,johar_town,44.25
15,7.0,21,6,5,gulberg,25.71
12,7.7,21,6,4,johar_town,28.08
9,8.2,22,6,3,dha,33.19
24,7.6,22,6,4,gulberg,55.4
2,9.7,23,6,4,johar_town,4.44
10,8.3,23,6,5,dha,16.22
6,11.5,10,6,5,johar_town,14.99
5,5.8,10,6,5,johar_town,6.38
1,8.5,11,6,5,dha,2.0
7,10.6,11,6,5,johar_town,13.98
24,11.7,12,6,4,dha,92.85
24,6.3,12,6,5,gulberg,42.69
25,7.4,13,6,5,johar_town,54.32
10,6.3,13,6,5,dha,15.97
21,5.3,14,6,4,dha,36.52
23,5.6,14,6,3,gulberg,63.38
8,9.2,15,6,3,dha,21.21
8,10.7,15,6,4,gulberg,19.61
1,7.0,16,6,3,dha,2.34
4,10.7,16,6,3,johar_town,12.74
9,7.9,17,6,4,dha,16.44
3,6.4,17,6,4,gulberg,4.13
7,10.8,18,6,3,gulberg,27.14
3,6.8,18,6,3,gulberg,7.2
11,5.3,19,6,5,johar_town,15.77
17,8.1,19,6,5,johar_town,36.02
5,6.6,10,0,2,gulberg,17.23
6,5.5,10,0,2,dha,15.5
7,10.0,11,0,2,johar_town,36.62
4,10.9,11,0,3,dha,14.76
6,11.8,12,0,2,gulberg,44.15
5,11.4,12,0,4,dha,21.02
12,5.9,13,0,4,gulberg,22.78
15,8.3,13,0,2,gulberg,71.03
18,10.9,14,0,4,johar_town,56.55
16,8.0,14,0,2,johar_town,82.91
3,5.0,15,0,3,dha,5.06
2,11.2,15,0,3,gulberg,7.92
5,10.5,16,0,3,dha,17.9
10,9.0,16,0,2,johar_town,42.21
6,7.3,17,0,2,johar_town,23.7
3,10.9,17,0,3,dha,9.99
9,11.6,18,0,3,gulberg,35.95
3,8.4,18,0,3,dha,7.67
17,5.2,19,0,3,johar_town,43.37
9,11.7,19,0,2,johar_town,59.13
15,5.8,20,0,3,gulberg,32.28
12,11.1,20,0,2,johar_town,88.72
13,7.3,21,0,2,dha,53.71
8,7.6,21,0,4,johar_town,20.08
15,5.7,22,0,2,dha,47.42
5,5.2,22,0,2,gulberg,19.06
6,7.3,23,0,3,dha,15.89
7,8.3,23,0,3,johar_town,17.34
2,7.6,10,0,3,johar_town,4.57
2,10.3,10,0,2,johar_town,11.48
6,11.8,11,0,3,johar_town,22.6
5,6.1,11,0,3,gulberg,11.15
14,8.2,12,0,2,gulberg,66.19
18,6.1,12,0,2,dha,64.94
18,10.3,13,0,3,dha,75.43
9,10.2,13,0,4,johar_town,28.95
14,7.0,14,0,2,gulberg,56.99
10,6.4,14,0,2,gulberg,38.39
2,9.2,15,0,3,dha,5.22
7,9.9,15,0,3,dha,21.74
4,10.6,16,0,3,gulberg,13.91
4,11.7,16,0,3,johar_town,14.93
3,8.5,17,0,3,dha,7.93
1,7.5,17,0,3,gulberg,2.8
7,11.4,18,0,3,johar_town,29.09
8,11.8,18,0,3,gulberg,30.93
15,8.8,19,0,4,johar_town,44.06
13,11.3,19,0,2,gulberg,105.45
6,6.7,10,1,3,gulberg,13.7
3,11.4,10,1,3,dha,11.51
1,7.9,11,1,2,johar_town,3.6
5,11.6,11,1,3,dha,19.87
17,6.1,12,1,4,gulberg,36.4
15,6.2,12,1,2,johar_town,59.75
12,7.8,13,1,2,dha,55.01
18,10.0,13,1,2,dha,120.0
13,10.7,14,1,3,dha,53.49
7,10.4,14,1,3,dha,28.24
1,9.8,15,1,3,johar_town,3.31
6,11.0,15,1,3,gulberg,24.81
6,8.7,16,1,3,dha,17.73
5,5.3,16,1,2,dha,11.76
4,10.9,17,1,3,johar_town,14.55
5,10.4,17,1,2,johar_town,28.56
7,10.6,18,1,3,dha,26.91
2,9.8,18,1,2,gulberg,11.08
17,9.4,19,1,4,gulberg,55.99
18,9.2,19,1,4,johar_town,60.28
7,7.1,20,1,3,gulberg,24.53
11,7.5,20,1,3,dha,35.24
7,7.9,21,1,4,johar_town,19.55
13,11.9,21,1,3,gulberg,69.9
18,10.7,22,1,4,dha,62.4
5,9.2,22,1,2,johar_town,27.0
8,6.5,23,1,3,gulberg,18.22
7,5.5,23,1,2,johar_town,19.24
1,6.7,10,1,3,dha,2.24
6,6.4,10,1,3,johar_town,12.24
1,10.5,11,1,2,johar_town,5.03
10,5.0,11,1,2,johar_town,25.37
9,5.4,12,1,3,gulberg,23.49
12,8.6,12,1,2,johar_town,63.48
6,12.0,13,1,3,gulberg,33.33
7,9.6,13,1,2,johar_town,39.86
8,5.1,14,1,2,johar_town,28.2
13,11.7,14,1,2,dha,111.5
7,6.4,15,1,3,johar_town,16.05
8,8.0,15,1,3,johar_town,24.36
7,7.8,16,1,2,johar_town,31.23
9,9.4,16,1,3,dha,26.48
6,7.3,17,1,3,dha,14.17
5,5.7,17,1,2,gulberg,16.28
9,6.6,18,1,3,johar_town,17.9
5,9.3,18,1,3,dha,15.78
9,9.8,19,1,3,dha,36.5
18,10.6,19,1,2,gulberg,120.0
2,11.5,10,2,2,gulberg,11.53
8,10.5,10,2,2,gulberg,45.67
4,9.1,11,2,2,dha,19.33
9,6.1,11,2,2,johar_town,28.51
7,10.4,12,2,4,gulberg,22.04
12,6.4,12,2,2,johar_town,43.68
10,11.9,13,2,3,dha,49.93
13,10.6,13,2,3,johar_town,59.62
13,10.6,14,2,4,johar_town,49.74
14,6.4,14,2,4,dha,32.64
1,9.3,15,2,2,gulberg,4.82
10,11.1,15,2,3,gulberg,32.54
4,7.4,16,2,3,dha,8.67
4,11.7,16,2,2,johar_town,22.8
5,8.4,17,2,2,johar_town,22.36
6,11.2,17,2,3,gulberg,20.63
7,8.1,18,2,2,gulberg,24.18
5,9.0,18,2,2,johar_town,23.62
12,11.5,19,2,4,johar_town,38.3
16,11.6,19,2,3,gulberg,82.39
15,6.1,20,2,2,johar_town,56.51
7,7.7,20,2,3,johar_town,20.1
17,5.5,21,2,3,gulberg,42.97
8,11.0,21,2,2,dha,56.34
5,5.2,22,2,3,dha,12.61
12,11.2,22,2,3,johar_town,56.76
5,9.4,23,2,3,gulberg,15.64
5,6.1,23,2,2,gulberg,14.35
8,11.7,10,2,3,johar_town,33.39
1,5.2,10,2,3,gulberg,2.0
9,12.0,11,2,2,johar_town,57.97
6,9.7,11,2,2,johar_town,29.29
6,9.5,12,2,4,johar_town,17.15
10,10.6,12,2,2,johar_town,63.21
18,7.4,13,2,2,dha,81.69
8,10.8,13,2,2,gulberg,61.66
12,9.7,14,2,4,dha,34.64
6,7.2,14,2,3,johar_town,19.71
2,7.9,15,2,3,johar_town,5.93
4,10.1,15,2,2,johar_town,20.88
5,8.6,16,2,3,dha,12.27
9,8.0,16,2,3,dha,27.42
5,5.7,17,2,3,johar_town,9.42
8,9.4,17,2,2,dha,39.74
10,9.8,18,2,3,gulberg,30.08
10,10.7,18,2,3,gulberg,36.57
6,8.9,19,2,4,gulberg,18.27
18,10.1,19,2,2,dha,106.48
8,10.0,10,3,2,gulberg,37.99
5,10.3,10,3,2,gulberg,29.36
2,9.3,11,3,2,dha,10.66
2,10.7,11,3,3,dha,6.6
9,11.6,12,3,2,dha,74.17
9,11.4,12,3,3,dha,43.76
12,9.9,13,3,2,gulberg,73.32
12,9.7,13,3,2,johar_town,72.48
17,9.0,14,3,3,gulberg,59.68
11,9.2,14,3,4,dha,32.76
7,7.2,15,3,3,gulberg,17.5
3,7.6,15,3,3,gulberg,7.16
4,7.7,16,3,3,johar_town,10.12
1,5.7,16,3,3,johar_town,2.17
1,9.0,17,3,2,gulberg,5.01
2,6.9,17,3,3,gulberg,4.32
1,9.6,18,3,2,gulberg,4.42
2,9.3,18,3,3,johar_town,5.41
5,11.1,19,3,4,johar_town,19.0
17,9.4,19,3,4,dha,50.02
17,6.7,20,3,2,gulberg,78.24
8,11.5,20,3,2,gulberg,52.64
5,7.5,21,3,4,gulberg,10.77
14,8.1,21,3,4,gulberg,37.97
13,8.5,22,3,3,johar_town,51.14
9,8.9,22,3,3,johar_town,37.61
9,10.8,23,3,2,johar_town,49.61
5,7.4,23,3,2,dha,19.82
8,6.2,10,3,3,dha,14.33
7,10.3,10,3,2,gulberg,31.44
8,11.5,11,3,2,johar_town,52.26
1,8.6,11,3,2,johar_town,4.46
14,7.1,12,3,2,dha,58.54
11,5.9,12,3,3,dha,30.93
15,5.1,13,3,3,gulberg,36.87
15,11.7,13,3,4,gulberg,58.8
13,7.0,14,3,2,johar_town,62.36
16,6.4,14,3,4,johar_town,32.11
4,8.7,15,3,2,dha,16.7
10,6.7,15,3,2,johar_town,34.16
8,11.4,16,3,2,gulberg,40.56
7,9.7,16,3,3,johar_town,20.02
10,11.5,17,3,2,dha,50.0
3,7.0,17,3,3,dha,7.5
1,5.1,18,3,2,dha,2.62
3,6.0,18,3,3,gulberg,5.47
5,11.3,19,3,2,gulberg,31.37
11,10.2,19,3,2,gulberg,75.38
6,6.6,10,4,4,dha,9.6
10,5.9,10,4,3,dha,19.67
7,9.4,11,4,3,dha,19.65
2,10.8,11,4,5,gulberg,4.87
9,6.9,12,4,4,gulberg,20.46
8,8.2,12,4,3,johar_town,28.57
24,9.3,13,4,3,johar_town,101.02
9,5.9,13,4,3,gulberg,20.2
22,5.3,14,4,5,johar_town,34.84
11,6.5,14,4,3,dha,34.97
1,5.6,15,4,5,johar_town,2.0
8,10.9,15,4,4,gulberg,20.03
9,6.0,16,4,5,dha,11.68
9,8.1,16,4,5,johar_town,13.95
6,10.6,17,4,3,johar_town,21.69
1,6.5,17,4,3,dha,2.04
6,11.5,18,4,4,dha,19.8
2,11.0,18,4,4,dha,5.46
17,12.0,19,4,4,dha,68.56
18,5.1,19,4,5,johar_town,20.29
17,6.0,20,4,4,johar_town,36.6
15,8.8,20,4,3,johar_town,53.26
9,10.0,21,4,4,johar_town,26.61
20,6.9,21,4,5,johar_town,38.31
17,8.9,22,4,5,johar_town,40.02
21,6.6,22,4,4,johar_town,39.08
5,10.3,23,4,5,johar_town,10.91
6,8.5,23,4,5,gulberg,9.44
7,8.6,10,4,5,gulberg,10.29
3,7.7,10,4,5,johar_town,3.93
6,8.5,11,4,5,dha,10.2
5,8.8,11,4,5,gulberg,9.96
8,10.5,12,4,4,johar_town,26.12
8,11.5,12,4,5,johar_town,24.88
12,11.9,13,4,5,johar_town,33.62
21,7.9,13,4,3,dha,70.8
22,11.1,14,4,5,johar_town,60.39
12,10.6,14,4,5,gulberg,30.79
6,11.2,15,4,3,dha,24.36
6,8.1,15,4,4,johar_town,11.77
6,10.3,16,4,4,gulberg,13.94
6,9.6,16,4,3,johar_town,18.17
7,5.7,17,4,4,gulberg,10.12
10,6.9,17,4,5,johar_town,12.58
7,7.8,18,4,4,gulberg,13.42
1,10.2,18,4,3,dha,3.05
15,10.3,19,4,5,johar_town,41.8
18,5.0,19,4,5,johar_town,26.7
2,6.8,10,5,3,dha,4.14
9,7.8,10,5,5,dha,12.6
10,10.7,11,5,3,gulberg,36.6
8,6.4,11,5,4,gulberg,14.65
17,6.1,12,5,5,gulberg,24.38
20,9.9,12,5,4,johar_town,63.77
14,6.0,13,5,4,gulberg,28.39
17,11.3,13,5,5,johar_town,54.81
22,7.6,14,5,4,johar_town,48.14
16,9.9,14,5,3,dha,60.9
2,11.6,15,5,5,dha,4.41
3,7.3,15,5,5,gulberg,4.81
3,8.8,16,5,3,johar_town,9.62
1,7.4,16,5,4,gulberg,2.08
10,11.4,17,5,3,gulberg,41.91
1,10.4,17,5,4,johar_town,2.65
9,8.2,18,5,5,johar_town,16.05
4,9.2,18,5,4,johar_town,9.14
10,10.2,19,5,5,johar_town,29.37
8,10.3,19,5,5,dha,24.07
20,11.5,20,5,5,dha,65.84
25,11.6,20,5,4,johar_town,81.11
14,7.0,21,5,3,johar_town,47.89
24,10.0,21,5,3,johar_town,114.47
13,6.6,22,5,5,gulberg,22.94
25,5.9,22,5,5,gulberg,42.75
2,5.4,23,5,4,johar_town,2.42
5,11.1,23,5,4,gulberg,15.91
3,8.2,10,5,5,dha,4.79
8,8.4,10,5,5,gulberg,11.6
5,11.2,11,5,4,gulberg,15.11
8,11.7,11,5,3,gulberg,33.42
17,10.0,12,5,3,dha,81.63
16,7.5,12,5,3,johar_town,55.33
20,6.2,13,5,4,johar_town,37.36
25,9.1,13,5,5,johar_town,53.31
18,7.5,14,5,3,dha,55.91
15,11.0,14,5,3,dha,63.23
10,5.3,15,5,3,gulberg,18.36
5,11.7,15,5,5,dha,13.35
10,12.0,16,5,3,gulberg,38.71
6,5.7,16,5,5,dha,7.63
9,5.9,17,5,4,johar_town,11.57
2,10.0,17,5,3,dha,6.19
1,9.5,18,5,3,gulberg,2.93
2,8.3,18,5,5,dha,2.98
9,10.6,19,5,4,dha,32.23
13,11.9,19,5,5,gulberg,44.97
7,10.2,10,6,4,gulberg,17.54
2,7.7,10,6,5,gulberg,2.96
1,6.8,11,6,3,dha,2.09
3,11.6,11,6,4,gulberg,7.91
13,10.0,12,6,3,dha,56.76
25,5.9,12,6,5,johar_town,40.45
24,11.7,13,6,3,johar_town,119.92
19,9.7,13,6,4,dha,65.46
22,6.1,14,6,4,dha,37.69
17,8.8,14,6,3,dha,70.4
1,10.8,15,6,5,gulberg,2.0
5,8.1,15,6,5,dha,8.54
10,6.3,16,6,3,johar_town,22.24
5,5.6,16,6,5,johar_town,5.07
7,9.3,17,6,3,gulberg,21.46
6,8.3,17,6,5,dha,9.41
5,10.6,18,6,5,johar_town,12.07
5,11.2,18,6,3,gulberg,16.12
10,8.2,19,6,5,gulberg,23.58
23,8.6,19,6,5,gulberg,49.76
13,7.5,20,6,5,dha,28.95
17,5.9,20,6,4,dha,28.01
21,10.6,21,6,4,dha,63.03
8,8.8,21,6,5,johar_town,19.73
18,10.0,22,6,3,johar_town,77.2
20,6.1,22,6,4,gulberg,42.41
6,11.2,23,6,3,gulberg,23.07
3,10.7,23,6,5,dha,6.74
6,8.8,10,6,5,gulberg,9.37
3,10.3,10,6,3,gulberg,11.03
8,9.8,11,6,3,johar_town,22.36
10,9.6,11,6,5,johar_town,20.17
15,7.7,12,6,4,gulberg,37.9
24,10.7,12,6,4,johar_town,81.84
19,9.7,13,6,4,gulberg,52.83
8,7.8,13,6,3,gulberg,29.01
21,6.5,14,6,3,johar_town,66.71
21,10.5,14,6,4,johar_town,63.19
5,11.2,15,6,5,johar_town,12.2
8,11.4,15,6,4,johar_town,25.59
5,8.8,16,6,4,gulberg,10.07
1,5.5,16,6,4,gulberg,2.0
8,11.8,17,6,4,johar_town,26.86
9,7.3,17,6,4,johar_town,15.2
5,9.2,18,6,4,dha,10.4
2,5.7,18,6,3,dha,3.64
23,11.3,19,6,4,dha,75.04
23,9.3,19,6,5,gulberg,53.47
4,5.8,10,0,3,johar_town,8.52
6,11.9,10,0,2,gulberg,38.43
1,6.0,11,0,2,gulberg,3.22
8,9.2,11,0,2,gulberg,38.85
17,10.4,12,0,3,gulberg,72.17
10,10.7,12,0,4,dha,29.77
10,7.5,13,0,2,dha,55.37
15,7.4,13,0,2,dha,76.4
8,7.5,14,0,2,dha,34.03
7,6.5,14,0,4,johar_town,15.3
7,7.0,15,0,2,johar_town,27.9
7,10.0,15,0,2,johar_town,30.98
7,10.7,16,0,2,dha,35.66
3,9.6,16,0,3,dha,9.08
4,7.7,17,0,2,johar_town,16.06
10,6.4,17,0,3,johar_town,22.33
10,10.3,18,0,3,gulberg,38.42
1,6.2,18,0,2,gulberg,3.46
7,7.9,19,0,2,johar_town,33.37
10,5.8,19,0,2,johar_town,37.09
6,9.4,20,0,3,dha,24.7
13,5.6,20,0,4,johar_town,25.07
5,7.1,21,0,4,johar_town,11.04
5,7.1,21,0,3,dha,14.83
8,6.1,22,0,4,gulberg,13.61
12,6.2,22,0,3,johar_town,35.98
6,5.3,23,0,3,johar_town,11.57
9,11.3,23,0,3,dha,30.88
5,6.2,10,0,3,johar_town,11.61
6,10.9,10,0,3,gulberg,19.7
10,10.7,11,0,2,johar_town,48.68
8,9.8,11,0,2,gulberg,40.89
13,6.8,12,0,4,johar_town,25.58
18,7.9,12,0,4,gulberg,49.77
18,6.7,13,0,4,dha,42.94
18,11.4,13,0,4,dha,67.56
15,8.7,14,0,4,gulberg,46.33
7,10.6,14,0,3,gulberg,36.79
2,11.8,15,0,3,dha,8.04
7,9.9,15,0,2,dha,30.1
7,11.7,16,0,2,johar_town,43.68
6,6.0,16,0,2,dha,18.17
3,8.8,17,0,2,johar_town,12.64
6,5.4,17,0,3,johar_town,11.13
7,11.5,18,0,2,gulberg,39.56
2,11.7,18,0,3,dha,7.7
11,8.1,19,0,2,dha,50.6
8,8.2,19,0,2,johar_town,42.95
4,8.8,10,1,3,johar_town,10.6
2,6.7,10,1,2,johar_town,7.02
1,10.0,11,1,3,gulberg,3.39
7,9.1,11,1,3,johar_town,21.5
9,10.6,12,1,4,dha,27.22
13,8.2,12,1,2,dha,61.19
17,9.8,13,1,4,gulberg,60.88
5,9.2,13,1,2,dha,32.97
15,10.5,14,1,2,dha,91.58
5,8.9,14,1,2,gulberg,28.33
9,11.3,15,1,2,gulberg,44.01
4,6.1,15,1,3,johar_town,7.28
6,11.9,16,1,3,dha,26.18
7,11.7,16,1,3,dha,26.66
9,8.9,17,1,3,johar_town,26.27
8,5.6,17,1,3,johar_town,16.96
1,7.6,18,1,2,dha,3.59
5,9.9,18,1,3,gulberg,18.49
7,6.7,19,1,4,dha,14.43
5,6.8,19,1,4,gulberg,12.71
5,8.0,20,1,4,gulberg,14.45
8,10.0,20,1,2,gulberg,55.68
16,5.4,21,1,3,dha,42.83
12,6.1,21,1,3,gulberg,27.54
10,6.1,22,1,2,gulberg,41.86
17,9.4,22,1,3,johar_town,72.19
3,5.9,23,1,2,dha,8.73
2,8.5,23,1,3,dha,4.82
8,10.1,10,1,3,dha,25.81
3,10.2,10,1,3,johar_town,10.08
2,6.2,11,1,2,dha,5.59
5,5.4,11,1,3,dha,9.85
8,6.9,12,1,3,johar_town,25.62
18,8.3,12,1,4,dha,50.4
16,5.7,13,1,4,gulberg,29.86
10,9.9,13,1,2,gulberg,56.91
6,11.4,14,1,4,johar_town,23.97
16,9.1,14,1,4,gulberg,47.3
6,6.5,15,1,2,johar_town,21.53
10,11.1,15,1,2,dha,54.15
5,5.1,16,1,3,dha,8.66
5,9.5,16,1,3,dha,18.2
2,7.5,17,1,2,johar_town,7.83
10,6.8,17,1,2,johar_town,37.81
2,6.2,18,1,2,gulberg,5.3
3,5.9,18,1,3,dha,5.29
13,5.5,19,1,3,dha,34.69
12,11.8,19,1,3,gulberg,54.22
9,9.6,10,2,3,johar_town,30.63
5,8.4,10,2,3,johar_town,15.24
2,5.8,11,2,3,dha,4.37
6,11.1,11,2,2,gulberg,29.13
13,10.9,12,2,2,dha,87.64
10,9.0,12,2,4,gulberg,29.93
12,5.3,13,2,4,gulberg,19.88
14,8.1,13,2,3,gulberg,53.2
16,7.0,14,2,4,gulberg,40.68
9,8.1,14,2,3,johar_town,28.74
9,6.9,15,2,3,johar_town,20.89
9,5.2,15,2,3,johar_town,16.88
6,8.0,16,2,2,gulberg,26.9
5,6.6,16,2,2,dha,14.28
6,9.4,17,2,3,gulberg,18.6
7,5.5,17,2,2,dha,17.58
8,7.5,18,2,2,johar_town,34.3
7,9.3,18,2,3,dha,23.45
12,10.0,19,2,4,dha,42.3
16,6.6,19,2,4,gulberg,37.97
9,10.3,20,2,2,johar_town,68.55
9,10.4,20,2,3,johar_town,42.65
12,11.7,21,2,4,dha,39.28
18,10.0,21,2,3,dha,71.98
6,9.0,22,2,3,dha,22.91
17,9.2,22,2,4,gulberg,53.06
1,8.7,23,2,3,johar_town,2.93
1,10.7,23,2,3,johar_town,4.02
10,10.6,10,2,3,gulberg,30.3
6,7.6,10,2,3,gulberg,16.1
5,9.7,11,2,3,johar_town,17.05
10,6.5,11,2,2,johar_town,36.39
10,5.6,12,2,4,dha,15.49
10,7.4,12,2,4,dha,26.99
15,9.5,13,2,2,dha,87.85
18,9.4,13,2,2,johar_town,120.0
14,8.6,14,2,3,dha,46.12
13,11.6,14,2,3,dha,67.6
6,7.8,15,2,2,gulberg,26.23
10,6.8,15,2,2,dha,29.54
5,10.5,16,2,3,gulberg,17.29
4,6.7,16,2,2,dha,14.95
5,9.2,17,2,2,gulberg,22.19
10,7.7,17,2,3,johar_town,26.87
5,9.6,18,2,3,dha,14.84
5,5.7,18,2,2,johar_town,12.88
18,5.1,19,2,4,johar_town,27.45
16,5.4,19,2,2,gulberg,54.14
4,9.6,10,3,3,dha,11.5
5,6.6,10,3,3,dha,12.62
8,7.0,11,3,3,dha,19.38
7,8.4,11,3,2,johar_town,25.49
18,9.8,12,3,2,dha,120.0
5,9.3,12,3,3,johar_town,19.81
11,7.5,13,3,4,dha,25.31
10,10.3,13,3,4,gulberg,35.03
18,10.7,14,3,3,johar_town,78.54
9,10.4,14,3,4,johar_town,31.82
10,9.4,15,3,3,dha,33.05
5,5.6,15,3,3,gulberg,8.84
8,5.5,16,3,3,dha,16.39
9,5.2,16,3,3,johar_town,15.61
4,6.8,17,3,3,johar_town,10.14
2,7.8,17,3,3,dha,5.81
10,8.8,18,3,2,johar_town,46.94
1,11.2,18,3,3,gulberg,3.43
11,9.2,19,3,3,dha,43.77
5,8.7,19,3,4,johar_town,12.25
17,5.4,20,3,3,dha,40.09
11,5.8,20,3,3,gulberg,30.43
17,6.9,21,3,3,johar_town,56.23
15,9.4,21,3,3,gulberg,59.88
9,11.0,22,3,4,gulberg,29.04
11,6.5,22,3,3,johar_town,34.85
2,7.7,23,3,3,gulberg,5.26
4,7.2,23,3,3,gulberg,10.86
1,6.9,10,3,3,johar_town,2.25
4,7.6,10,3,3,johar_town,9.01
3,7.6,11,3,3,dha,6.92
3,5.9,11,3,2,dha,10.16
11,11.8,12,3,4,dha,36.08
6,8.9,12,3,4,gulberg,18.45
8,5.9,13,3,2,johar_town,28.52
17,6.3,13,3,3,gulberg,39.77
18,10.9,14,3,4,dha,60.84
6,6.3,14,3,2,gulberg,25.54
8,8.1,15,3,3,gulberg,21.98
9,7.3,15,3,3,johar_town,19.34
6,8.5,16,3,2,johar_town,23.83
3,10.7,16,3,3,dha,11.95
4,5.3,17,3,2,gulberg,9.41
3,8.0,17,3,3,dha,7.55
1,9.0,18,3,3,gulberg,3.21
1,8.4,18,3,3,johar_town,2.45
8,6.9,19,3,3,johar_town,27.32
13,7.3,19,3,2,gulberg,57.18
5,9.8,10,4,5,dha,9.17
7,7.0,10,4,4,johar_town,10.74
6,11.4,11,4,5,johar_town,11.77
5,10.5,11,4,5,gulberg,10.04
16,5.8,12,4,4,gulberg,31.98
12,6.3,12,4,4,dha,22.39
9,9.5,13,4,5,johar_town,22.87
11,6.7,13,4,3,gulberg,34.14
12,9.3,14,4,5,dha,27.78
15,5.7,14,4,3,dha,37.86
4,6.3,15,4,5,johar_town,4.71
5,5.3,15,4,5,johar_town,4.52
1,10.3,16,4,4,dha,2.88
4,11.6,16,4,5,johar_town,8.72
2,8.1,17,4,5,dha,3.33
10,9.7,17,4,5,johar_town,20.86
1,5.7,18,4,5,dha,2.0
9,5.4,18,4,5,gulberg,9.3
9,7.3,19,4,4,gulberg,21.87
19,9.8,19,4,4,gulberg,54.11
25,11.7,20,4,3,johar_town,120.0
8,6.1,20,4,3,dha,19.92
24,5.3,21,4,4,gulberg,37.02
25,10.7,21,4,5,dha,78.62
18,7.7,22,4,3,gulberg,65.82
25,9.7,22,4,4,johar_town,89.46
6,7.9,23,4,3,johar_town,13.69
9,8.5,23,4,3,johar_town,22.71
7,6.6,10,4,5,gulberg,9.77
3,11.7,10,4,3,dha,11.93
8,5.6,11,4,5,dha,8.33
1,6.0,11,4,5,johar_town,2.0
17,10.2,12,4,4,gulberg,56.4
22,8.1,12,4,5,johar_town,44.16
12,6.6,13,4,4,johar_town,24.56
13,8.9,13,4,5,dha,26.03
19,6.1,14,4,4,gulberg,36.86
19,8.6,14,4,4,gulberg,49.59
5,11.9,15,4,4,gulberg,16.51
7,8.3,15,4,4,gulberg,13.89
8,7.8,16,4,3,dha,22.14
1,7.6,16,4,3,gulberg,2.36
10,9.9,17,4,4,gulberg,21.49
9,10.9,17,4,5,gulberg,21.37
1,9.0,18,4,3,gulberg,2.75
7,8.1,18,4,5,johar_town,10.92
23,6.7,19,4,5,gulberg,40.0
19,8.9,19,4,4,dha,51.2
1,10.5,10,5,4,johar_town,2.45
1,5.6,10,5,4,johar_town,2.0
7,8.1,11,5,4,dha,12.62
9,10.3,11,5,4,dha,23.6
17,11.9,12,5,4,johar_town,74.54
14,9.5,12,5,3,dha,53.8
18,7.6,13,5,5,gulberg,33.86
15,5.1,13,5,3,dha,28.68
11,5.1,14,5,4,gulberg,18.23
11,5.7,14,5,5,gulberg,17.5
5,7.0,15,5,5,dha,6.15
1,11.2,15,5,5,johar_town,2.0
1,11.8,16,5,3,johar_town,3.35
7,10.5,16,5,5,johar_town,13.93
7,5.3,17,5,5,johar_town,7.05
9,9.3,17,5,4,johar_town,21.71
3,8.4,18,5,3,gulberg,8.91
6,10.0,18,5,5,johar_town,10.32
12,7.1,19,5,5,johar_town,18.91
17,5.4,19,5,4,gulberg,25.67
21,7.4,20,5,5,dha,44.65
19,11.4,20,5,5,dha,57.76
16,6.6,21,5,5,dha,26.39
9,11.7,21,5,5,gulberg,29.11
19,11.9,22,5,3,johar_town,108.12
23,5.2,22,5,5,gulberg,30.2
9,10.0,23,5,4,gulberg,25.13
6,11.6,23,5,3,johar_town,26.06
6,5.5,10,5,5,dha,7.47
9,10.7,10,5,3,gulberg,29.85
2,9.3,11,5,3,gulberg,6.1
9,6.7,11,5,5,gulberg,13.72
10,6.6,12,5,5,dha,16.18
24,7.0,12,5,4,gulberg,59.9
10,8.0,13,5,3,johar_town,30.2
24,6.7,13,5,3,gulberg,72.29
18,9.0,14,5,5,gulberg,44.47
14,8.7,14,5,5,dha,34.09
3,7.2,15,5,5,gulberg,4.4
10,11.7,15,5,4,johar_town,27.22
5,6.2,16,5,4,dha,8.76
1,9.0,16,5,4,dha,2.13
3,7.3,17,5,4,gulberg,4.91
2,7.7,17,5,3,johar_town,4.38
7,10.3,18,5,4,johar_town,17.76
7,7.3,18,5,4,johar_town,12.54
18,9.2,19,5,4,dha,58.84
9,6.3,19,5,3,dha,27.78
8,5.2,10,6,5,johar_town,7.15
1,9.1,10,6,4,dha,2.04
1,10.4,11,6,5,dha,2.0
9,10.5,11,6,5,johar_town,18.02
11,5.9,12,6,3,johar_town,28.11
17,11.7,12,6,4,johar_town,67.6
24,7.6,13,6,3,johar_town,88.19
23,11.9,13,6,5,dha,70.56
12,6.7,14,6,4,dha,22.43
19,5.7,14,6,3,gulberg,50.03
10,5.9,15,6,5,johar_town,10.37
3,8.0,15,6,3,dha,7.02
5,10.6,16,6,3,dha,16.72
2,8.0,16,6,3,gulberg,5.58
10,11.7,17,6,3,johar_town,43.53
8,5.8,17,6,4,dha,12.15
4,7.1,18,6,5,gulberg,4.93
10,9.0,18,6,4,gulberg,24.76
22,7.3,19,6,5,gulberg,45.0
21,9.4,19,6,3,johar_town,73.98
17,11.9,20,6,4,gulberg,73.3
12,10.7,20,6,5,dha,30.86
16,6.7,21,6,4,johar_town,38.61
11,11.2,21,6,3,gulberg,58.85
21,6.2,22,6,5,gulberg,36.98
15,7.0,22,6,4,johar_town,34.83
8,6.1,23,6,4,gulberg,13.7
10,7.1,23,6,5,dha,12.18
10,11.4,10,6,5,dha,24.93
9,6.2,10,6,3,johar_town,18.37
5,11.4,11,6,4,gulberg,12.97
7,7.4,11,6,5,dha,11.58
20,6.8,12,6,3,dha,60.7
16,10.8,12,6,4,johar_town,64.22
14,9.3,13,6,5,dha,33.76
24,6.0,13,6,5,johar_town,40.24
21,9.2,14,6,3,gulberg,81.73
9,7.2,14,6,4,johar_town,22.92
7,10.1,15,6,3,johar_town,25.49
3,7.3,15,6,5,dha,4.56
8,11.1,16,6,4,johar_town,24.41
5,6.7,16,6,4,dha,9.06
5,5.7,17,6,4,dha,6.9
3,9.5,17,6,5,dha,5.55
1,6.5,18,6,4,dha,2.0
9,8.8,18,6,4,gulberg,22.54
17,10.6,19,6,5,johar_town,40.49
14,11.6,19,6,4,johar_town,49.78
3,10.2,10,0,2,dha,14.13
6,7.0,10,0,2,johar_town,23.84
1,12.0,11,0,3,johar_town,3.52
3,10.8,11,0,3,johar_town,9.74
13,10.5,12,0,2,gulberg,96.04
16,8.3,12,0,4,gulberg,45.21
14,8.9,13,0,2,dha,80.48
9,6.1,13,0,3,dha,20.56
12,6.0,14,0,3,dha,29.91
16,5.6,14,0,2,dha,65.12
2,7.2,15,0,3,dha,5.07
3,7.0,15,0,3,dha,6.36
6,10.9,16,0,2,johar_town,30.42
9,6.9,16,0,2,gulberg,26.79
5,11.7,17,0,3,dha,20.22
10,11.4,17,0,3,dha,35.48
6,7.4,18,0,3,johar_town,13.4
9,6.7,18,0,2,johar_town,32.43
9,5.9,19,0,3,dha,22.98
17,10.2,19,0,4,dha,48.67
16,8.3,20,0,2,dha,94.02
9,10.0,20,0,3,gulberg,37.76
9,9.3,21,0,2,dha,57.65
7,8.6,21,0,2,johar_town,33.94
11,11.8,22,0,3,gulberg,59.06
6,11.9,22,0,2,dha,42.22
2,8.1,23,0,3,dha,5.54
6,11.5,23,0,3,gulberg,23.72
3,7.0,10,0,2,gulberg,10.31
4,6.5,10,0,2,gulberg,11.45
4,8.3,11,0,3,johar_town,12.51
4,5.6,11,0,3,johar_town,6.85
6,6.9,12,0,4,gulberg,12.4
15,5.7,12,0,4,johar_town,27.75
16,9.9,13,0,2,gulberg,94.75
7,5.3,13,0,3,gulberg,18.4
11,9.1,14,0,2,johar_town,62.32
5,11.6,14,0,4,johar_town,20.18
7,11.7,15,0,2,johar_town,46.27
3,7.6,15,0,2,johar_town,11.37
9,10.5,16,0,2,gulberg,50.03
4,8.3,16,0,2,dha,18.09
6,8.9,17,0,2,gulberg,29.99
10,11.6,17,0,2,gulberg,64.47
4,8.5,18,0,3,johar_town,10.57
4,7.3,18,0,2,dha,15.2
7,9.2,19,0,4,dha,22.86
9,7.4,19,0,2,johar_town,45.29
7,10.5,10,1,2,johar_town,35.56
10,9.7,10,1,3,dha,31.55
7,11.8,11,1,3,johar_town,27.85
9,9.0,11,1,2,johar_town,38.05
9,10.9,12,1,2,dha,72.81
16,9.0,12,1,3,johar_town,56.79
8,10.3,13,1,2,dha,54.93
6,11.5,13,1,4,gulberg,24.15
7,6.1,14,1,4,dha,13.17
14,12.0,14,1,3,johar_town,62.5
5,7.4,15,1,3,dha,13.85
5,9.8,15,1,2,johar_town,27.78
2,5.9,16,1,2,johar_town,6.68
4,8.1,16,1,3,gulberg,11.83
2,11.5,17,1,3,dha,7.72
4,6.8,17,1,2,gulberg,14.93
5,8.4,18,1,3,johar_town,14.56
8,6.2,18,1,3,gulberg,16.17
16,11.2,19,1,3,dha,84.19
15,7.3,19,1,4,dha,30.51
16,9.2,20,1,3,dha,61.65
17,6.6,20,1,2,johar_town,75.62
14,11.5,21,1,3,gulberg,75.42
5,11.1,21,1,3,johar_town,24.21
11,10.1,22,1,4,johar_town,32.88
17,9.9,22,1,4,dha,62.88
7,10.7,23,1,2,gulberg,39.18
3,5.6,23,1,3,johar_town,5.62
7,9.5,10,1,3,gulberg,19.83
5,10.0,10,1,2,johar_town,24.22
3,10.1,11,1,2,dha,16.66
4,10.8,11,1,2,johar_town,24.05
12,9.6,12,1,3,johar_town,45.36
9,10.6,12,1,3,dha,40.11
9,10.6,13,1,4,dha,26.37
16,5.7,13,1,2,johar_town,62.81
17,7.2,14,1,2,johar_town,72.31
10,5.1,14,1,4,dha,18.51
6,8.2,15,1,3,johar_town,17.63
5,7.2,15,1,3,gulberg,11.02
3,5.6,16,1,3,johar_town,5.27
9,8.6,16,1,2,dha,38.46
7,5.2,17,1,2,johar_town,19.82
10,8.0,17,1,3,dha,29.83
6,8.1,18,1,3,dha,17.27
6,7.7,18,1,3,gulberg,13.95
18,5.8,19,1,2,gulberg,72.27
16,11.1,19,1,4,dha,65.62
8,10.2,10,2,2,johar_town,42.7
3,5.0,10,2,3,gulberg,5.31
2,10.6,11,2,2,dha,11.8
2,9.4,11,2,3,dha,7.17
9,10.1,12,2,3,johar_town,42.98
17,10.7,12,2,4,dha,65.91
16,9.9,13,2,3,johar_town,73.43
18,9.3,13,2,4,johar_town,58.78
13,10.3,14,2,2,johar_town,86.44
10,5.2,14,2,2,dha,35.18
3,9.5,15,2,3,gulberg,8.59
6,10.9,15,2,3,gulberg,22.37
7,7.0,16,2,2,gulberg,21.37
2,9.2,16,2,2,johar_town,10.55
3,10.2,17,2,2,gulberg,13.86
6,6.1,17,2,3,dha,12.91
7,10.5,18,2,2,gulberg,34.0
6,7.9,18,2,3,gulberg,15.22
18,11.7,19,2,4,dha,72.49
18,8.6,19,2,2,dha,102.15
6,11.2,20,2,2,dha,46.23
9,8.7,20,2,4,johar_town,22.92
18,11.4,21,2,2,dha,120.0
12,9.7,21,2,4,gulberg,34.39
13,6.0,22,2,3,johar_town,29.19
9,7.3,22,2,3,johar_town,27.99
3,8.7,23,2,2,gulberg,14.4
3,6.0,23,2,3,gulberg,5.26
3,8.2,10,2,3,gulberg,9.07
5,7.8,10,2,3,dha,11.47
8,9.7,11,2,2,johar_town,40.45
3,9.5,11,2,2,johar_town,14.2
9,7.6,12,2,4,gulberg,24.94
7,11.6,12,2,3,johar_town,33.08
10,5.9,13,2,2,johar_town,33.37
10,9.4,13,2,2,dha,54.29
14,5.9,14,2,3,gulberg,36.64
5,8.4,14,2,2,dha,23.97
8,9.1,15,2,3,dha,21.96
5,8.6,15,2,2,gulberg,22.69
8,6.5,16,2,3,gulberg,16.98
5,10.4,16,2,2,gulberg,26.54
2,7.9,17,2,2,dha,7.31
10,9.9,17,2,2,johar_town,52.76
8,5.6,18,2,3,johar_town,13.26
1,8.5,18,2,2,dha,4.82
9,7.4,19,2,4,dha,21.07
10,11.6,19,2,4,johar_town,37.28
2,7.7,10,3,2,johar_town,7.74
8,5.5,10,3,2,dha,22.91
5,11.7,11,3,2,johar_town,32.39
6,7.8,11,3,3,gulberg,17.15
10,7.3,12,3,2,johar_town,49.18
5,9.4,12,3,4,dha,15.72
6,8.9,13,3,4,gulberg,18.25
10,10.3,13,3,2,johar_town,61.25
9,5.2,14,3,3,dha,19.82
16,11.4,14,3,3,gulberg,88.16
9,7.9,15,3,2,gulberg,36.33
8,8.0,15,3,3,johar_town,21.27
9,8.9,16,3,3,gulberg,30.32
8,11.6,16,3,2,johar_town,51.76
8,11.1,17,3,3,gulberg,28.02
8,7.6,17,3,2,gulberg,34.58
7,6.8,18,3,3,gulberg,17.49
3,5.8,18,3,2,johar_town,7.53
13,8.9,19,3,3,johar_town,56.43
14,6.6,19,3,2,dha,52.41
9,8.3,20,3,2,gulberg,49.16
11,5.1,20,3,3,johar_town,21.41
15,7.4,21,3,2,gulberg,76.85
9,5.8,21,3,4,gulberg,19.38
5,8.1,22,3,3,johar_town,18.09
13,8.0,22,3,2,johar_town,76.73
8,8.2,23,3,3,dha,19.46
1,7.3,23,3,3,johar_town,2.68
2,11.5,10,3,2,dha,10.04
6,11.6,10,3,2,johar_town,34.67
3,5.4,11,3,2,gulberg,7.65
1,5.0,11,3,3,gulberg,2.0
12,7.4,12,3,2,johar_town,54.88
5,6.3,12,3,4,johar_town,10.19
17,12.0,13,3,2,gulberg,120.0
9,5.8,13,3,4,johar_town,19.29
10,9.4,14,3,2,gulberg,58.04
9,6.6,14,3,2,dha,35.91
8,8.2,15,3,3,gulberg,18.71
7,6.3,15,3,3,dha,14.14
7,8.5,16,3,3,johar_town,20.59
3,10.9,16,3,2,dha,15.78
8,11.8,17,3,2,johar_town,42.06
1,8.8,17,3,2,gulberg,4.49
4,11.8,18,3,3,dha,15.95
2,9.0,18,3,3,gulberg,5.8
17,5.7,19,3,2,johar_town,64.33
11,6.6,19,3,2,gulberg,50.84
5,8.9,10,4,4,dha,10.72
4,8.2,10,4,3,johar_town,10.79
5,7.5,11,4,5,dha,6.93
9,8.9,11,4,4,johar_town,19.35
20,6.8,12,4,4,dha,44.88
19,11.9,12,4,4,johar_town,77.73
15,11.3,13,4,3,johar_town,71.93
16,11.7,13,4,4,gulberg,57.18
12,11.3,14,4,3,dha,57.32
10,5.4,14,4,4,dha,19.14
4,10.7,15,4,4,johar_town,11.94
7,6.8,15,4,3,dha,17.68
7,11.3,16,4,3,gulberg,28.81
5,5.7,16,4,5,johar_town,6.49
8,8.9,17,4,3,johar_town,25.86
10,7.2,17,4,3,dha,21.41
4,6.0,18,4,4,johar_town,5.49
1,11.9,18,4,4,dha,2.7
11,5.9,19,4,5,johar_town,19.03
23,5.0,19,4,5,gulberg,28.18
18,10.6,20,4,3,johar_town,93.65
19,9.9,20,4,4,dha,56.82
21,7.5,21,4,3,johar_town,59.64
17,5.8,21,4,4,johar_town,30.63
10,8.5,22,4,3,dha,39.33
19,8.1,22,4,3,gulberg,66.27
5,7.1,23,4,5,johar_town,6.19
5,9.0,23,4,3,johar_town,14.61
8,7.3,10,4,4,johar_town,14.74
1,8.4,10,4,3,dha,2.66
8,11.2,11,4,4,dha,23.04
4,11.2,11,4,5,dha,8.85
24,10.9,12,4,4,dha,75.61
21,5.6,12,4,5,johar_town,29.31
15,7.9,13,4,5,gulberg,33.37
15,10.4,13,4,5,gulberg,36.46
22,11.6,14,4,4,dha,71.88
15,10.8,14,4,5,gulberg,46.0
4,6.7,15,4,4,johar_town,7.25
4,9.9,15,4,3,dha,13.47
3,8.9,16,4,4,johar_town,7.05
5,8.3,16,4,5,gulberg,8.79
5,8.8,17,4,3,dha,14.55
6,9.1,17,4,3,dha,18.65
5,9.2,18,4,5,dha,8.5
10,5.1,18,4,3,dha,16.43
19,11.7,19,4,3,johar_town,104.07
18,7.6,19,4,3,dha,64.12
10,11.3,10,5,5,gulberg,22.28
9,10.3,10,5,4,johar_town,21.73
5,11.4,11,5,4,johar_town,13.6
2,9.1,11,5,4,dha,4.48
22,9.5,12,5,4,johar_town,61.4
17,5.2,12,5,5,johar_town,26.38
12,9.3,13,5,3,dha,45.57
17,5.0,13,5,3,johar_town,31.44
10,10.0,14,5,3,johar_town,49.6
22,8.3,14,5,3,dha,73.6
6,7.8,15,5,3,gulberg,15.93
10,8.3,15,5,5,dha,16.84
9,5.2,16,5,4,dha,13.43
8,8.7,16,5,3,dha,24.62
5,11.3,17,5,5,dha,12.73
8,10.8,17,5,5,johar_town,15.54
4,7.1,18,5,5,gulberg,5.78
5,8.4,18,5,3,dha,12.76
24,10.7,19,5,5,gulberg,62.82
25,7.6,19,5,3,johar_town,78.97
11,7.4,20,5,3,johar_town,32.25
24,6.1,20,5,4,gulberg,46.07
8,5.3,21,5,3,johar_town,20.91
11,5.4,21,5,3,gulberg,29.0
20,10.7,22,5,4,dha,66.63
13,6.4,22,5,4,johar_town,27.76
6,7.5,23,5,3,dha,16.83
4,10.1,23,5,3,dha,14.6
4,11.4,10,5,4,gulberg,12.92
6,8.4,10,5,4,dha,13.71
10,7.1,11,5,3,johar_town,22.0
10,10.0,11,5,5,dha,22.29
8,5.6,12,5,3,johar_town,21.04
16,5.6,12,5,5,johar_town,20.72
19,7.8,13,5,3,johar_town,57.33
15,6.8,13,5,5,dha,27.13
15,5.2,14,5,5,gulberg,18.57
23,9.1,14,5,3,gulberg,91.47
10,11.5,15,5,4,johar_town,24.74
3,8.2,15,5,5,johar_town,4.68
6,9.0,16,5,3,dha,15.34
10,7.0,16,5,4,johar_town,18.07
7,8.8,17,5,3,dha,19.08
3,11.4,17,5,5,dha,5.96
6,9.7,18,5,4,dha,12.72
9,5.1,18,5,4,gulberg,11.85
17,7.7,19,5,3,gulberg,53.29
8,8.6,19,5,5,dha,20.11
2,7.2,10,6,4,gulberg,3.44
8,11.4,10,6,5,johar_town,17.09
1,9.8,11,6,4,dha,2.35
4,6.9,11,6,4,gulberg,7.66
12,5.4,12,6,5,johar_town,15.12
15,5.4,12,6,5,gulberg,19.16
13,11.7,13,6,5,johar_town,45.04
23,5.2,13,6,5,gulberg,31.33
12,8.9,14,6,4,dha,37.75
14,6.0,14,6,4,gulberg,27.08
7,5.8,15,6,4,johar_town,11.6
7,6.0,15,6,5,gulberg,8.47
10,6.2,16,6,4,gulberg,16.69
10,6.3,16,6,5,dha,14.32
10,9.1,17,6,5,johar_town,18.47
8,8.4,17,6,3,johar_town,24.27
8,9.1,18,6,4,gulberg,18.5
9,9.8,18,6,5,dha,17.58
10,10.7,19,6,3,gulberg,47.73
18,9.4,19,6,4,dha,59.42
12,7.4,20,6,4,gulberg,32.74
9,6.8,20,6,4,johar_town,17.35
21,8.9,21,6,3,dha,75.27
18,6.3,21,6,3,johar_town,51.99
21,5.4,22,6,4,johar_town,41.71
17,11.4,22,6,5,johar_town,47.74
9,10.7,23,6,3,dha,31.65
2,6.7,23,6,5,gulberg,2.48
8,5.2,10,6,5,dha,8.44
1,10.4,10,6,3,johar_town,3.97
2,10.8,11,6,4,johar_town,6.16
6,10.7,11,6,5,dha,13.54
11,7.8,12,6,3,gulberg,32.02
25,7.7,12,6,5,dha,47.49
20,11.2,13,6,3,johar_town,87.86
10,11.4,13,6,4,gulberg,36.72
18,11.9,14,6,3,johar_town,96.47
21,10.9,14,6,3,gulberg,98.34
4,8.8,15,6,3,dha,12.85
5,11.4,15,6,3,gulberg,18.13
4,6.8,16,6,3,gulberg,7.98
3,10.2,16,6,4,johar_town,6.82
2,6.0,17,6,4,gulberg,3.14
7,11.6,17,6,3,johar_town,29.26
6,6.4,18,6,4,gulberg,10.83
9,11.1,18,6,3,dha,34.91
16,6.8,19,6,5,gulberg,26.01
11,9.8,19,6,5,johar_town,24.83
7,10.9,10,0,3,dha,23.57
5,5.6,10,0,3,gulberg,10.11
5,9.6,11,0,2,gulberg,26.47
8,6.2,11,0,3,johar_town,17.77
5,9.8,12,0,3,gulberg,19.79
7,6.8,12,0,4,johar_town,14.65
7,7.8,13,0,4,dha,18.75
14,8.0,13,0,2,gulberg,78.47
13,9.7,14,0,4,dha,41.96
14,9.0,14,0,2,dha,74.07
7,5.4,15,0,2,gulberg,20.65
3,10.3,15,0,2,johar_town,16.22
8,5.9,16,0,3,dha,16.98
9,11.0,16,0,2,johar_town,55.74
7,8.9,17,0,3,gulberg,21.56
3,11.5,17,0,2,gulberg,18.48
1,5.2,18,0,2,johar_town,2.21
7,8.1,18,0,2,johar_town,30.25
11,8.6,19,0,2,dha,54.18
9,10.4,19,0,4,johar_town,32.98
9,9.5,20,0,3,dha,42.4
12,5.3,20,0,4,dha,20.36
11,7.1,21,0,4,dha,27.47
10,5.9,21,0,3,dha,22.59
17,6.3,22,0,4,johar_town,30.45
18,5.5,22,0,2,gulberg,68.87
8,10.0,23,0,3,gulberg,23.41
2,10.8,23,0,2,dha,12.39
2,10.2,10,0,3,dha,6.43
6,5.5,10,0,3,dha,10.35
1,5.4,11,0,3,dha,2.0
4,5.6,11,0,3,dha,6.91
14,6.7,12,0,3,gulberg,42.32
6,7.6,12,0,4,gulberg,15.44
16,9.1,13,0,2,gulberg,89.98
9,10.2,13,0,4,dha,32.13
10,10.4,14,0,3,gulberg,45.74
11,10.2,14,0,3,dha,42.26
3,5.5,15,0,2,johar_town,8.62
10,5.3,15,0,3,johar_town,15.22
1,6.3,16,0,3,johar_town,2.0
6,10.9,16,0,3,johar_town,19.16
7,9.0,17,0,2,johar_town,30.89
2,8.8,17,0,2,johar_town,9.56
2,6.0,18,0,3,dha,3.45
6,7.4,18,0,3,gulberg,13.16
17,8.8,19,0,3,johar_town,69.93
10,8.5,19,0,3,gulberg,33.85
4,8.5,10,1,3,dha,10.94
6,11.4,10,1,2,johar_town,36.12
3,6.6,11,1,2,johar_town,9.95
3,5.9,11,1,3,gulberg,6.1
14,10.2,12,1,3,johar_town,60.56
13,10.9,12,1,2,johar_town,97.52
18,11.2,13,1,4,gulberg,72.23
12,6.5,13,1,2,dha,55.84
16,11.5,14,1,2,johar_town,120.0
16,5.2,14,1,2,johar_town,54.94
5,6.0,15,1,3,dha,8.91
2,8.6,15,1,2,johar_town,7.71
10,11.7,16,1,3,dha,36.25
3,8.1,16,1,2,gulberg,11.65
2,8.9,17,1,2,johar_town,9.94
9,8.6,17,1,2,dha,34.29
3,7.1,18,1,3,johar_town,7.73
7,5.0,18,1,2,gulberg,15.49
10,6.8,19,1,2,dha,45.14
15,7.2,19,1,3,gulberg,51.48
13,10.9,20,1,2,gulberg,91.17
16,6.9,20,1,3,dha,43.67
9,8.8,21,1,4,gulberg,25.44
14,11.7,21,1,4,dha,48.26
5,7.5,22,1,4,johar_town,11.4
15,11.4,22,1,3,gulberg,83.72
8,9.3,23,1,3,dha,24.63
1,5.6,23,1,2,dha,2.54
1,6.7,10,1,2,johar_town,3.52
1,6.5,10,1,2,johar_town,2.77
3,7.2,11,1,3,gulberg,7.06
7,7.4,11,1,2,dha,24.78
5,7.7,12,1,2,johar_town,22.26
10,7.9,12,1,4,dha,25.36
13,6.3,13,1,4,johar_town,26.45
11,6.9,13,1,4,dha,24.03
5,6.5,14,1,2,gulberg,23.35
9,8.5,14,1,3,dha,36.6
5,8.0,15,1,3,dha,15.2
9,10.0,15,1,3,dha,30.1
1,10.7,16,1,2,gulberg,5.3
6,8.9,16,1,3,johar_town,16.36
8,10.2,17,1,2,gulberg,45.92
4,6.2,17,1,2,johar_town,11.06
8,11.4,18,1,2,johar_town,42.73
7,9.6,18,1,3,dha,19.77
9,5.9,19,1,4,gulberg,15.57
17,7.9,19,1,2,dha,74.86
8,10.3,10,2,3,johar_town,26.62
8,8.8,10,2,3,dha,20.14
5,6.7,11,2,2,gulberg,16.02
5,12.0,11,2,2,dha,32.13
10,11.4,12,2,2,gulberg,70.72
14,7.7,12,2,2,gulberg,63.76
18,8.1,13,2,3,johar_town,54.59
16,7.2,13,2,4,dha,32.69
16,9.2,14,2,3,johar_town,61.92
16,9.7,14,2,4,gulberg,44.8
8,8.6,15,2,3,johar_town,23.61
1,10.5,15,2,2,johar_town,5.77
4,6.5,16,2,2,dha,11.23
3,11.8,16,2,3,gulberg,10.45
4,6.0,17,2,3,gulberg,7.1
5,6.1,17,2,3,gulberg,9.34
9,10.5,18,2,2,johar_town,51.43
5,8.2,18,2,3,johar_town,13.65
6,9.2,19,2,3,gulberg,22.44
11,6.6,19,2,4,johar_town,21.44
12,7.7,20,2,2,dha,60.87
7,9.7,20,2,2,johar_town,49.93
7,7.9,21,2,2,dha,40.18
15,8.5,21,2,2,gulberg,84.63
11,8.5,22,2,2,johar_town,60.52
13,11.8,22,2,3,dha,67.31
3,10.4,23,2,2,johar_town,16.14
8,10.6,23,2,3,gulberg,28.59
1,7.7,10,2,3,gulberg,2.82
3,6.1,10,2,3,gulberg,6.92
4,5.5,11,2,3,gulberg,6.99
7,5.9,11,2,3,dha,13.53
6,9.0,12,2,3,johar_town,19.97
8,7.9,12,2,4,johar_town,19.31
12,6.3,13,2,4,gulberg,23.31
6,10.2,13,2,3,dha,27.1
17,8.1,14,2,3,gulberg,54.89
17,11.3,14,2,3,johar_town,90.27
3,7.6,15,2,3,johar_town,6.61
2,5.1,15,2,2,johar_town,4.8
1,11.7,16,2,3,dha,4.24
3,9.9,16,2,3,gulberg,9.83
1,11.1,17,2,3,dha,4.22
2,6.4,17,2,3,dha,4.87
5,11.6,18,2,2,johar_town,30.02
9,9.0,18,2,2,dha,41.67
9,10.2,19,2,4,johar_town,32.24
15,8.8,19,2,2,gulberg,91.97
6,11.7,10,3,3,johar_town,24.11
1,5.6,10,3,2,dha,2.78
1,9.5,11,3,2,johar_town,4.42
7,7.9,11,3,3,gulberg,18.28
6,7.6,12,3,3,johar_town,19.46
15,5.5,12,3,2,johar_town,54.6
7,5.4,13,3,3,gulberg,18.83
17,10.4,13,3,3,johar_town,76.03
13,9.6,14,3,2,gulberg,79.52
5,9.6,14,3,4,gulberg,17.59
1,8.5,15,3,2,gulberg,4.41
2,10.1,15,3,2,johar_town,11.3
10,8.7,16,3,3,johar_town,31.22
2,10.8,16,3,2,johar_town,9.69
8,7.2,17,3,2,johar_town,26.19
4,10.0,17,3,2,gulberg,20.13
8,11.6,18,3,2,johar_town,41.65
1,11.1,18,3,3,johar_town,3.71
7,5.3,19,3,4,dha,11.58
13,8.1,19,3,3,johar_town,40.27
16,5.2,20,3,3,gulberg,35.35
14,5.2,20,3,3,gulberg,34.65
16,10.2,21,3,3,dha,78.76
11,7.2,21,3,4,johar_town,26.29
9,8.9,22,3,4,dha,27.87
9,7.5,22,3,3,gulberg,31.89
8,7.3,23,3,3,johar_town,20.24
8,9.9,23,3,2,dha,44.47
10,11.1,10,3,3,gulberg,38.26
8,6.4,10,3,2,dha,23.0
7,5.9,11,3,2,dha,23.21
10,8.4,11,3,2,gulberg,39.23
16,11.8,12,3,2,dha,120.0
16,5.6,12,3,2,dha,61.34
15,8.3,13,3,3,johar_town,57.05
18,6.4,13,3,4,johar_town,37.2
9,7.1,14,3,2,johar_town,36.15
12,11.5,14,3,2,johar_town,85.72
5,5.4,15,3,3,johar_town,9.64
5,9.9,15,3,3,gulberg,17.19
8,9.4,16,3,2,dha,40.45
5,5.4,16,3,3,gulberg,8.6
4,8.8,17,3,3,johar_town,13.31
6,7.7,17,3,2,johar_town,21.67
9,10.4,18,3,2,johar_town,40.61
6,5.4,18,3,2,johar_town,14.69
8,6.1,19,3,2,johar_town,36.38
12,8.7,19,3,4,johar_town,35.32
3,11.6,10,4,3,dha,12.35
9,5.7,10,4,3,johar_town,15.59
6,9.3,11,4,5,johar_town,12.5
8,5.4,11,4,3,johar_town,12.39
18,11.8,12,4,5,johar_town,47.25
9,10.0,12,4,3,dha,40.7
10,7.5,13,4,4,gulberg,21.79
16,9.8,13,4,3,dha,68.39
12,8.3,14,4,4,dha,34.27
23,10.4,14,4,5,gulberg,66.11
3,7.0,15,4,3,dha,6.74
10,9.3,15,4,3,johar_town,31.55
8,7.5,16,4,3,dha,20.57
8,6.7,16,4,5,johar_town,10.72
6,5.7,17,4,4,dha,7.44
4,10.6,17,4,3,gulberg,12.91
5,8.2,18,4,5,dha,8.99
4,9.7,18,4,4,dha,10.4
22,8.8,19,4,3,gulberg,89.66
13,6.3,19,4,3,dha,33.22
12,5.5,20,4,5,johar_town,14.82
9,6.0,20,4,5,johar_town,14.34
9,5.7,21,4,4,dha,18.36
12,5.7,21,4,3,dha,32.17
12,10.5,22,4,3,dha,62.23
18,7.0,22,4,5,dha,31.12
5,10.1,23,4,5,gulberg,10.41
4,9.3,23,4,4,gulberg,8.89
10,7.0,10,4,5,johar_town,15.98
10,5.7,10,4,5,johar_town,10.76
3,7.3,11,4,5,dha,4.01
7,9.8,11,4,3,johar_town,25.13
20,6.7,12,4,3,dha,65.53
13,7.7,12,4,4,dha,36.93
9,11.9,13,4,5,johar_town,27.25
11,9.9,13,4,3,gulberg,49.93
11,6.8,14,4,3,gulberg,35.58
23,8.5,14,4,5,dha,51.54
6,7.8,15,4,5,dha,9.9
7,6.5,15,4,4,johar_town,9.79
6,11.3,16,4,5,gulberg,13.43
7,9.7,16,4,5,johar_town,14.67
6,11.3,17,4,3,dha,25.22
8,10.3,17,4,3,gulberg,24.66
3,10.5,18,4,3,johar_town,10.87
6,11.2,18,4,4,dha,16.74
15,11.9,19,4,3,johar_town,78.87
9,7.5,19,4,4,gulberg,22.76
2,7.4,10,5,3,johar_town,5.56
3,10.7,10,5,4,gulberg,6.87
1,10.4,11,5,4,dha,2.7
8,5.8,11,5,3,johar_town,16.23
22,8.0,12,5,4,gulberg,65.11
17,6.0,12,5,4,johar_town,32.43
24,8.7,13,5,5,dha,48.23
17,5.4,13,5,3,gulberg,36.44
21,6.6,14,5,4,gulberg,45.39
17,10.1,14,5,4,johar_town,62.15
2,10.5,15,5,5,gulberg,4.57
4,7.1,15,5,5,gulberg,5.86
8,11.0,16,5,3,dha,25.53
8,9.1,16,5,3,dha,26.4
2,11.7,17,5,5,gulberg,5.04
5,6.0,17,5,3,johar_town,9.73
8,9.0,18,5,5,dha,16.13
7,11.0,18,5,3,dha,28.48
17,6.1,19,5,5,gulberg,24.53
18,11.0,19,5,5,dha,55.34
13,9.7,20,5,5,johar_town,36.13
10,6.3,20,5,4,dha,22.99
10,11.3,21,5,4,dha,38.39
22,6.7,21,5,3,gulberg,57.78
8,5.9,22,5,5,dha,13.94
8,7.2,22,5,3,johar_town,28.01
8,8.1,23,5,4,johar_town,15.83
7,10.6,23,5,3,johar_town,25.19
8,9.1,10,5,5,johar_town,14.19
2,6.6,10,5,3,gulberg,4.62
9,6.0,11,5,3,dha,18.48
8,10.7,11,5,5,dha,19.62
11,9.7,12,5,4,dha,31.27
18,9.4,12,5,4,johar_town,61.48
9,6.3,13,5,5,johar_town,16.8
15,11.3,13,5,5,johar_town,39.15
20,8.1,14,5,5,gulberg,37.41
22,11.1,14,5,4,dha,70.11
8,6.3,15,5,3,gulberg,17.16
3,5.3,15,5,5,gulberg,3.26
4,7.0,16,5,5,dha,5.39
1,8.4,16,5,5,gulberg,2.0
3,7.2,17,5,4,gulberg,4.69
10,6.4,17,5,4,gulberg,17.86
9,6.8,18,5,4,gulberg,16.08
3,6.9,18,5,5,gulberg,4.32
19,7.1,19,5,4,johar_town,43.75
18,9.9,19,5,5,johar_town,43.98
9,12.0,10,6,5,gulberg,21.42
5,6.8,10,6,5,johar_town,7.64
7,5.3,11,6,5,dha,7.83
6,6.2,11,6,5,dha,7.27
9,6.2,12,6,4,gulberg,18.42
18,7.6,12,6,4,johar_town,44.16
17,7.6,13,6,5,gulberg,30.53
15,11.9,13,6,4,gulberg,58.6
20,11.0,14,6,5,johar_town,57.19
24,9.7,14,6,5,dha,57.29
7,5.1,15,6,3,gulberg,10.94
7,8.4,15,6,3,johar_town,17.95
7,5.3,16,6,3,johar_town,10.72
4,7.7,16,6,5,gulberg,5.98
3,9.4,17,6,5,dha,6.3
2,11.1,17,6,5,dha,4.7
10,6.9,18,6,3,gulberg,21.15
2,10.2,18,6,5,dha,4.6
10,11.2,19,6,3,gulberg,46.32
14,7.0,19,6,3,gulberg,37.68
14,11.9,20,6,5,johar_town,47.5
11,11.5,20,6,3,dha,53.44
17,8.5,21,6,3,dha,62.72
11,11.0,21,6,4,gulberg,36.45
18,10.9,22,6,5,dha,44.03
10,11.2,22,6,4,dha,33.29
8,11.0,23,6,4,johar_town,23.51
6,7.1,23,6,4,gulberg,10.46
6,6.4,10,6,4,gulberg,10.0
7,7.0,10,6,4,johar_town,13.47
3,11.6,11,6,5,gulberg,7.74
9,7.8,11,6,3,dha,21.32
14,7.6,12,6,4,johar_town,36.23
15,9.3,12,6,5,gulberg,38.63
21,10.5,13,6,4,johar_town,78.88
12,12.0,13,6,3,gulberg,53.71
21,5.8,14,6,4,dha,41.57
12,8.5,14,6,5,gulberg,26.09
9,5.8,15,6,4,dha,12.63
3,5.8,15,6,4,dha,4.67
8,9.8,16,6,4,johar_town,20.82
4,11.3,16,6,4,johar_town,12.75
5,5.2,17,6,3,dha,8.92
10,7.0,17,6,5,dha,15.32
7,10.8,18,6,4,dha,19.59
9,11.4,18,6,5,gulberg,23.21
8,5.9,19,6,4,gulberg,15.31
16,9.8,19,6,4,gulberg,49.87
7,9.4,10,0,3,johar_town,24.02
7,8.9,10,0,3,dha,22.97
1,9.2,11,0,2,gulberg,4.3
4,9.9,11,0,2,dha,22.11
